{
    "name": "bean-dice",
    "title": "Bean Dice",
    "description": "A simple module to add bean textures to Dice-So-Nice",
    "author": "coffee",
    "version": "0.1.1",
    "minimumCoreVersion": "0.7.0",
    "scripts": [
        "scripts/main.js"
    ],
    "dependencies":[
        {
            "name":"dice-so-nice",
            "manifest": "https://gitlab.com/riccisi/foundryvtt-dice-so-nice/-/raw/master/module/module.json"
        }
    ],
    "download": "https://github.com/rsbisho2/bean-dice/raw/master/releases/download/0.1.1/module.zip",
    "manifest": "https://raw.githubusercontent.com/rsbisho2/bean-dice/master/module.json"
  }